,click_id,ip,app,device,os,channel
click_id,1.0,0.0022013594666829344,0.021393043459848014,0.003234436114095779,0.01773817336639678,-0.010692633713819993
ip,0.0022013594666829344,1.0,-0.009305643966581987,0.0019634188596855244,0.0002133022058313158,-0.003812992199273417
app,0.021393043459848014,-0.009305643966581987,1.0,0.029036194653508058,0.045452134907635645,-0.09023432153491244
device,0.003234436114095779,0.0019634188596855244,0.029036194653508058,1.0,0.04058416669060318,-0.0019490984474693073
os,0.01773817336639678,0.0002133022058313158,0.045452134907635645,0.04058416669060318,1.0,0.012514257925796716
channel,-0.010692633713819993,-0.003812992199273417,-0.09023432153491244,-0.0019490984474693073,0.012514257925796716,1.0
